"class","cls","ai","lpi","np","pland"
1,"WL",98.5342740360834,41.9562146009677,27,48.1989472499719
2,"WM",97.4367523305283,13.1024868406246,20,23.5593453445193
3,"BL",98.693597369225,16.6620822445331,6,17.4991560495618
4,"BM",93.9401590708244,0.983358547655068,17,5.00806441529863
5,"AL",NA,NA,NA,NA
6,"AM",NA,NA,NA,NA
7,"HL",NA,NA,NA,NA
8,"HM",96.9242125984252,1.29905852640002,1,1.29905852640002
9,"HD",94.1159689037872,1.16652705017442,16,4.43542841424838
