"class","cls","ai","lpi","np","pland"
1,"WL",99.3002725863636,66.1031995098836,24,70.3879671421963
2,"WM",96.3525835866261,2.96132831547493,21,9.12529225691102
3,"BL",98.2930492967363,12.4091971843313,5,13.8270339205561
4,"BM",93.5532400958377,1.99609907352996,14,5.66947149948113
5,"AL",NA,NA,NA,NA
6,"AM",NA,NA,NA,NA
7,"HL",NA,NA,NA,NA
8,"HM",93.3884297520661,0.0431352446205974,1,0.0431352446205974
9,"HD",93.2926829268293,0.296945524562084,8,0.947099936234856
